INSERT INTO brands(id, brand_name) values(1, 'A');
INSERT INTO brands(id, brand_name) values(2, 'B');
INSERT INTO brands(id, brand_name) values(3, 'C');
INSERT INTO brands(id, brand_name) values(4, 'D');
INSERT INTO brands(id, brand_name) values(5, 'E');
INSERT INTO brands(id, brand_name) values(6, 'F');
INSERT INTO brands(id, brand_name) values(7, 'G');
INSERT INTO brands(id, brand_name) values(8, 'H');
INSERT INTO brands(id, brand_name) values(9, 'I');

INSERT INTO categories(id, category_type) values (1, 'TOP');
INSERT INTO categories(id, category_type) values (2, 'OUTER');
INSERT INTO categories(id, category_type) values (3, 'BOTTOM');
INSERT INTO categories(id, category_type) values (4, 'SNEAKERS');
INSERT INTO categories(id, category_type) values (5, 'BAG');
INSERT INTO categories(id, category_type) values (6,'HAT');
INSERT INTO categories(id, category_type) values (7, 'SOCKS');
INSERT INTO categories(id, category_type) values (8, 'ACCESSORY');

INSERT INTO products(id, category_id, brand_id, price) values (1, 1, 1, 11200);
INSERT INTO products(id, category_id, brand_id, price) values (2, 2, 1, 5500);
INSERT INTO products(id, category_id, brand_id, price) values (3, 3, 1, 4200);
INSERT INTO products(id, category_id, brand_id, price) values (4, 4, 1, 9000);
INSERT INTO products(id, category_id, brand_id, price) values (5, 5, 1, 2000);
INSERT INTO products(id, category_id, brand_id, price) values (6, 6, 1, 1700);
INSERT INTO products(id, category_id, brand_id, price) values (7, 7, 1, 1800);
INSERT INTO products(id, category_id, brand_id, price) values (8, 8, 1, 2300);

INSERT INTO products(id, category_id, brand_id, price) values (9, 1, 2, 10500);
INSERT INTO products(id, category_id, brand_id, price) values (10, 2, 2, 5900);
INSERT INTO products(id, category_id, brand_id, price) values (11, 3, 2, 3800);
INSERT INTO products(id, category_id, brand_id, price) values (12, 4, 2, 9100);
INSERT INTO products(id, category_id, brand_id, price) values (13, 5, 2, 2100);
INSERT INTO products(id, category_id, brand_id, price) values (14, 6, 2, 2000);
INSERT INTO products(id, category_id, brand_id, price) values (15, 7, 2, 2000);
INSERT INTO products(id, category_id, brand_id, price) values (16, 8, 2, 2200);

INSERT INTO products(id, category_id, brand_id, price) values (17, 1, 3, 10000);
INSERT INTO products(id, category_id, brand_id, price) values (18, 2, 3, 6200);
INSERT INTO products(id, category_id, brand_id, price) values (19, 3, 3, 3300);
INSERT INTO products(id, category_id, brand_id, price) values (20, 4, 3, 9200);
INSERT INTO products(id, category_id, brand_id, price) values (21, 5, 3, 2200);
INSERT INTO products(id, category_id, brand_id, price) values (22, 6, 3, 1900);
INSERT INTO products(id, category_id, brand_id, price) values (23, 7, 3, 2200);
INSERT INTO products(id, category_id, brand_id, price) values (24, 8, 3, 2100);

INSERT INTO products(id, category_id, brand_id, price) values (25, 1, 4, 10100);
INSERT INTO products(id, category_id, brand_id, price) values (26, 2, 4, 5100);
INSERT INTO products(id, category_id, brand_id, price) values (27, 3, 4, 3000);
INSERT INTO products(id, category_id, brand_id, price) values (28, 4, 4, 9500);
INSERT INTO products(id, category_id, brand_id, price) values (29, 5, 4, 2500);
INSERT INTO products(id, category_id, brand_id, price) values (30, 6, 4, 1500);
INSERT INTO products(id, category_id, brand_id, price) values (31, 7, 4, 2400);
INSERT INTO products(id, category_id, brand_id, price) values (32, 8, 4, 2000);

INSERT INTO products(id, category_id, brand_id, price) values (33, 1, 5, 10700);
INSERT INTO products(id, category_id, brand_id, price) values (34, 2, 5, 5000);
INSERT INTO products(id, category_id, brand_id, price) values (35, 3, 5, 3800);
INSERT INTO products(id, category_id, brand_id, price) values (36, 4, 5, 9900);
INSERT INTO products(id, category_id, brand_id, price) values (37, 5, 5, 2300);
INSERT INTO products(id, category_id, brand_id, price) values (38, 6, 5, 1800);
INSERT INTO products(id, category_id, brand_id, price) values (39, 7, 5, 2100);
INSERT INTO products(id, category_id, brand_id, price) values (40, 8, 5, 2100);

INSERT INTO products(id, category_id, brand_id, price) values (41, 1, 6, 11200);
INSERT INTO products(id, category_id, brand_id, price) values (42, 2, 6, 7200);
INSERT INTO products(id, category_id, brand_id, price) values (43, 3, 6, 4000);
INSERT INTO products(id, category_id, brand_id, price) values (44, 4, 6, 9300);
INSERT INTO products(id, category_id, brand_id, price) values (45, 5, 6, 2100);
INSERT INTO products(id, category_id, brand_id, price) values (46, 6, 6, 1600);
INSERT INTO products(id, category_id, brand_id, price) values (47, 7, 6, 2300);
INSERT INTO products(id, category_id, brand_id, price) values (48, 8, 6, 1900);

INSERT INTO products(id, category_id, brand_id, price) values (49, 1, 7, 10500);
INSERT INTO products(id, category_id, brand_id, price) values (50, 2, 7, 5800);
INSERT INTO products(id, category_id, brand_id, price) values (51, 3, 7, 3900);
INSERT INTO products(id, category_id, brand_id, price) values (52, 4, 7, 9000);
INSERT INTO products(id, category_id, brand_id, price) values (53, 5, 7, 2200);
INSERT INTO products(id, category_id, brand_id, price) values (54, 6, 7, 1700);
INSERT INTO products(id, category_id, brand_id, price) values (55, 7, 7, 2100);
INSERT INTO products(id, category_id, brand_id, price) values (56, 8, 7, 2000);

INSERT INTO products(id, category_id, brand_id, price) values (57, 1, 8, 10800);
INSERT INTO products(id, category_id, brand_id, price) values (58, 2, 8, 6300);
INSERT INTO products(id, category_id, brand_id, price) values (59, 3, 8, 3100);
INSERT INTO products(id, category_id, brand_id, price) values (60, 4, 8, 9700);
INSERT INTO products(id, category_id, brand_id, price) values (61, 5, 8, 2100);
INSERT INTO products(id, category_id, brand_id, price) values (62, 6, 8, 1600);
INSERT INTO products(id, category_id, brand_id, price) values (63, 7, 8, 2000);
INSERT INTO products(id, category_id, brand_id, price) values (64, 8, 8, 2000);

INSERT INTO products(id, category_id, brand_id, price) values (65, 1, 9, 11400);
INSERT INTO products(id, category_id, brand_id, price) values (66, 2, 9, 6700);
INSERT INTO products(id, category_id, brand_id, price) values (67, 3, 9, 3200);
INSERT INTO products(id, category_id, brand_id, price) values (68, 4, 9, 9500);
INSERT INTO products(id, category_id, brand_id, price) values (69, 5, 9, 2400);
INSERT INTO products(id, category_id, brand_id, price) values (70, 6, 9, 1700);
INSERT INTO products(id, category_id, brand_id, price) values (71, 7, 9, 1700);
INSERT INTO products(id, category_id, brand_id, price) values (72, 8, 9, 2400);