INSERT INTO brands(id, brand_name, created_at, updated_at) values(1, 'A', current_timestamp, current_timestamp);
INSERT INTO brands(id, brand_name, created_at, updated_at) values(2, 'B', current_timestamp, current_timestamp);
INSERT INTO brands(id, brand_name, created_at, updated_at) values(3, 'C', current_timestamp, current_timestamp);
INSERT INTO brands(id, brand_name, created_at, updated_at) values(4, 'D', current_timestamp, current_timestamp);
INSERT INTO brands(id, brand_name, created_at, updated_at) values(5, 'E', current_timestamp, current_timestamp);
INSERT INTO brands(id, brand_name, created_at, updated_at) values(6, 'F', current_timestamp, current_timestamp);
INSERT INTO brands(id, brand_name, created_at, updated_at) values(7, 'G', current_timestamp, current_timestamp);
INSERT INTO brands(id, brand_name, created_at, updated_at) values(8, 'H', current_timestamp, current_timestamp);
INSERT INTO brands(id, brand_name, created_at, updated_at) values(9, 'I', current_timestamp, current_timestamp);

INSERT INTO categories(id, category_type, created_at, updated_at) values (1, 'TOP', current_timestamp, current_timestamp);
INSERT INTO categories(id, category_type, created_at, updated_at) values (2, 'OUTER', current_timestamp, current_timestamp);
INSERT INTO categories(id, category_type, created_at, updated_at) values (3, 'BOTTOM', current_timestamp, current_timestamp);
INSERT INTO categories(id, category_type, created_at, updated_at) values (4, 'SNEAKERS', current_timestamp, current_timestamp);
INSERT INTO categories(id, category_type, created_at, updated_at) values (5, 'BAG', current_timestamp, current_timestamp);
INSERT INTO categories(id, category_type, created_at, updated_at) values (6,'HAT', current_timestamp, current_timestamp);
INSERT INTO categories(id, category_type, created_at, updated_at) values (7, 'SOCKS', current_timestamp, current_timestamp);
INSERT INTO categories(id, category_type, created_at, updated_at) values (8, 'ACCESSORY', current_timestamp, current_timestamp);

INSERT INTO products(id, category_id, brand_id, price, created_at, updated_at) values (1, 1, 1, 11200, current_timestamp, current_timestamp);
INSERT INTO products(id, category_id, brand_id, price, created_at, updated_at) values (2, 2, 1, 5500, current_timestamp, current_timestamp);
INSERT INTO products(id, category_id, brand_id, price, created_at, updated_at) values (3, 3, 1, 4200, current_timestamp, current_timestamp);
INSERT INTO products(id, category_id, brand_id, price, created_at, updated_at) values (4, 4, 1, 9000, current_timestamp, current_timestamp);
INSERT INTO products(id, category_id, brand_id, price, created_at, updated_at) values (5, 5, 1, 2000, current_timestamp, current_timestamp);
INSERT INTO products(id, category_id, brand_id, price, created_at, updated_at) values (6, 6, 1, 1700, current_timestamp, current_timestamp);
INSERT INTO products(id, category_id, brand_id, price, created_at, updated_at) values (7, 7, 1, 1800, current_timestamp, current_timestamp);
INSERT INTO products(id, category_id, brand_id, price, created_at, updated_at) values (8, 8, 1, 2300, current_timestamp, current_timestamp);

INSERT INTO products(id, category_id, brand_id, price, created_at, updated_at) values (9, 1, 2, 10500, current_timestamp, current_timestamp);
INSERT INTO products(id, category_id, brand_id, price, created_at, updated_at) values (10, 2, 2, 5900, current_timestamp, current_timestamp);
INSERT INTO products(id, category_id, brand_id, price, created_at, updated_at) values (11, 3, 2, 3800, current_timestamp, current_timestamp);
INSERT INTO products(id, category_id, brand_id, price, created_at, updated_at) values (12, 4, 2, 9100, current_timestamp, current_timestamp);
INSERT INTO products(id, category_id, brand_id, price, created_at, updated_at) values (13, 5, 2, 2100, current_timestamp, current_timestamp);
INSERT INTO products(id, category_id, brand_id, price, created_at, updated_at) values (14, 6, 2, 2000, current_timestamp, current_timestamp);
INSERT INTO products(id, category_id, brand_id, price, created_at, updated_at) values (15, 7, 2, 2000, current_timestamp, current_timestamp);
INSERT INTO products(id, category_id, brand_id, price, created_at, updated_at) values (16, 8, 2, 2200, current_timestamp, current_timestamp);

INSERT INTO products(id, category_id, brand_id, price, created_at, updated_at) values (17, 1, 3, 10000, current_timestamp, current_timestamp);
INSERT INTO products(id, category_id, brand_id, price, created_at, updated_at) values (18, 2, 3, 6200, current_timestamp, current_timestamp);
INSERT INTO products(id, category_id, brand_id, price, created_at, updated_at) values (19, 3, 3, 3300, current_timestamp, current_timestamp);
INSERT INTO products(id, category_id, brand_id, price, created_at, updated_at) values (20, 4, 3, 9200, current_timestamp, current_timestamp);
INSERT INTO products(id, category_id, brand_id, price, created_at, updated_at) values (21, 5, 3, 2200, current_timestamp, current_timestamp);
INSERT INTO products(id, category_id, brand_id, price, created_at, updated_at) values (22, 6, 3, 1900, current_timestamp, current_timestamp);
INSERT INTO products(id, category_id, brand_id, price, created_at, updated_at) values (23, 7, 3, 2200, current_timestamp, current_timestamp);
INSERT INTO products(id, category_id, brand_id, price, created_at, updated_at) values (24, 8, 3, 2100, current_timestamp, current_timestamp);

INSERT INTO products(id, category_id, brand_id, price, created_at, updated_at) values (25, 1, 4, 10100, current_timestamp, current_timestamp);
INSERT INTO products(id, category_id, brand_id, price, created_at, updated_at) values (26, 2, 4, 5100, current_timestamp, current_timestamp);
INSERT INTO products(id, category_id, brand_id, price, created_at, updated_at) values (27, 3, 4, 3000, current_timestamp, current_timestamp);
INSERT INTO products(id, category_id, brand_id, price, created_at, updated_at) values (28, 4, 4, 9500, current_timestamp, current_timestamp);
INSERT INTO products(id, category_id, brand_id, price, created_at, updated_at) values (29, 5, 4, 2500, current_timestamp, current_timestamp);
INSERT INTO products(id, category_id, brand_id, price, created_at, updated_at) values (30, 6, 4, 1500, current_timestamp, current_timestamp);
INSERT INTO products(id, category_id, brand_id, price, created_at, updated_at) values (31, 7, 4, 2400, current_timestamp, current_timestamp);
INSERT INTO products(id, category_id, brand_id, price, created_at, updated_at) values (32, 8, 4, 2000, current_timestamp, current_timestamp);

INSERT INTO products(id, category_id, brand_id, price, created_at, updated_at) values (33, 1, 5, 10700, current_timestamp, current_timestamp);
INSERT INTO products(id, category_id, brand_id, price, created_at, updated_at) values (34, 2, 5, 5000, current_timestamp, current_timestamp);
INSERT INTO products(id, category_id, brand_id, price, created_at, updated_at) values (35, 3, 5, 3800, current_timestamp, current_timestamp);
INSERT INTO products(id, category_id, brand_id, price, created_at, updated_at) values (36, 4, 5, 9900, current_timestamp, current_timestamp);
INSERT INTO products(id, category_id, brand_id, price, created_at, updated_at) values (37, 5, 5, 2300, current_timestamp, current_timestamp);
INSERT INTO products(id, category_id, brand_id, price, created_at, updated_at) values (38, 6, 5, 1800, current_timestamp, current_timestamp);
INSERT INTO products(id, category_id, brand_id, price, created_at, updated_at) values (39, 7, 5, 2100, current_timestamp, current_timestamp);
INSERT INTO products(id, category_id, brand_id, price, created_at, updated_at) values (40, 8, 5, 2100, current_timestamp, current_timestamp);

INSERT INTO products(id, category_id, brand_id, price, created_at, updated_at) values (41, 1, 6, 11200, current_timestamp, current_timestamp);
INSERT INTO products(id, category_id, brand_id, price, created_at, updated_at) values (42, 2, 6, 7200, current_timestamp, current_timestamp);
INSERT INTO products(id, category_id, brand_id, price, created_at, updated_at) values (43, 3, 6, 4000, current_timestamp, current_timestamp);
INSERT INTO products(id, category_id, brand_id, price, created_at, updated_at) values (44, 4, 6, 9300, current_timestamp, current_timestamp);
INSERT INTO products(id, category_id, brand_id, price, created_at, updated_at) values (45, 5, 6, 2100, current_timestamp, current_timestamp);
INSERT INTO products(id, category_id, brand_id, price, created_at, updated_at) values (46, 6, 6, 1600, current_timestamp, current_timestamp);
INSERT INTO products(id, category_id, brand_id, price, created_at, updated_at) values (47, 7, 6, 2300, current_timestamp, current_timestamp);
INSERT INTO products(id, category_id, brand_id, price, created_at, updated_at) values (48, 8, 6, 1900, current_timestamp, current_timestamp);

INSERT INTO products(id, category_id, brand_id, price, created_at, updated_at) values (49, 1, 7, 10500, current_timestamp, current_timestamp);
INSERT INTO products(id, category_id, brand_id, price, created_at, updated_at) values (50, 2, 7, 5800, current_timestamp, current_timestamp);
INSERT INTO products(id, category_id, brand_id, price, created_at, updated_at) values (51, 3, 7, 3900, current_timestamp, current_timestamp);
INSERT INTO products(id, category_id, brand_id, price, created_at, updated_at) values (52, 4, 7, 9000, current_timestamp, current_timestamp);
INSERT INTO products(id, category_id, brand_id, price, created_at, updated_at) values (53, 5, 7, 2200, current_timestamp, current_timestamp);
INSERT INTO products(id, category_id, brand_id, price, created_at, updated_at) values (54, 6, 7, 1700, current_timestamp, current_timestamp);
INSERT INTO products(id, category_id, brand_id, price, created_at, updated_at) values (55, 7, 7, 2100, current_timestamp, current_timestamp);
INSERT INTO products(id, category_id, brand_id, price, created_at, updated_at) values (56, 8, 7, 2000, current_timestamp, current_timestamp);

INSERT INTO products(id, category_id, brand_id, price, created_at, updated_at) values (57, 1, 8, 10800, current_timestamp, current_timestamp);
INSERT INTO products(id, category_id, brand_id, price, created_at, updated_at) values (58, 2, 8, 6300, current_timestamp, current_timestamp);
INSERT INTO products(id, category_id, brand_id, price, created_at, updated_at) values (59, 3, 8, 3100, current_timestamp, current_timestamp);
INSERT INTO products(id, category_id, brand_id, price, created_at, updated_at) values (60, 4, 8, 9700, current_timestamp, current_timestamp);
INSERT INTO products(id, category_id, brand_id, price, created_at, updated_at) values (61, 5, 8, 2100, current_timestamp, current_timestamp);
INSERT INTO products(id, category_id, brand_id, price, created_at, updated_at) values (62, 6, 8, 1600, current_timestamp, current_timestamp);
INSERT INTO products(id, category_id, brand_id, price, created_at, updated_at) values (63, 7, 8, 2000, current_timestamp, current_timestamp);
INSERT INTO products(id, category_id, brand_id, price, created_at, updated_at) values (64, 8, 8, 2000, current_timestamp, current_timestamp);

INSERT INTO products(id, category_id, brand_id, price, created_at, updated_at) values (65, 1, 9, 11400, current_timestamp, current_timestamp);
INSERT INTO products(id, category_id, brand_id, price, created_at, updated_at) values (66, 2, 9, 6700, current_timestamp, current_timestamp);
INSERT INTO products(id, category_id, brand_id, price, created_at, updated_at) values (67, 3, 9, 3200, current_timestamp, current_timestamp);
INSERT INTO products(id, category_id, brand_id, price, created_at, updated_at) values (68, 4, 9, 9500, current_timestamp, current_timestamp);
INSERT INTO products(id, category_id, brand_id, price, created_at, updated_at) values (69, 5, 9, 2400, current_timestamp, current_timestamp);
INSERT INTO products(id, category_id, brand_id, price, created_at, updated_at) values (70, 6, 9, 1700, current_timestamp, current_timestamp);
INSERT INTO products(id, category_id, brand_id, price, created_at, updated_at) values (71, 7, 9, 1700, current_timestamp, current_timestamp);
INSERT INTO products(id, category_id, brand_id, price, created_at, updated_at) values (72, 8, 9, 2400, current_timestamp, current_timestamp);